[
  {
    "completions": [
      {
        "id": 1,
        "lead_time": 83.876,
        "result": [
          {
            "from_name": "tag",
            "id": "fckXS0yOPT",
            "original_height": 576,
            "original_width": 768,
            "source": "$image",
            "to_name": "img",
            "type": "polygonlabels",
            "value": {
              "points": [
                [
                  7.733333333333334,
                  80.46181172291296
                ],
                [
                  16.266666666666666,
                  80.46181172291296
                ],
                [
                  15.278150783167137,
                  61.77385445744639
                ],
                [
                  19.675305916653546,
                  47.409047765957524
                ],
                [
                  19.266678876359414,
                  35.213370422172666
                ],
                [
                  17.642207774095457,
                  22.88927057691458
                ],
                [
                  14.25340551275307,
                  19.36624545276418
                ],
                [
                  13.6,
                  11.72291296625222
                ],
                [
                  8.454421584682263,
                  12.441702614299109
                ],
                [
                  8.26012428166665,
                  16.417958452589332
                ],
                [
                  10.490135580249053,
                  23.297775280593708
                ],
                [
                  9.808886353031271,
                  38.022948880566304
                ],
                [
                  4.409599717984103,
                  41.04230785962245
                ],
                [
                  5.257633175983265,
                  44.43004409768546
                ],
                [
                  9.24176412138004,
                  42.74919919415503
                ],
                [
                  7.421727659864058,
                  60.01068484028441
                ]
              ],
              "polygonlabels": [
                "Manusia"
              ]
            }
          }
        ]
      }
    ],
    "data": {
      "image": "http://data.heartex.net/open-images/train_7/mini/70858a35ea265faf.jpg"
    },
    "id": 0
  },
  {
    "completions": [
      {
        "id": 1001,
        "lead_time": 15.154,
        "result": [
          {
            "from_name": "tag",
            "id": "jWx5wMyShG",
            "original_height": 546,
            "original_width": 768,
            "source": "$image",
            "to_name": "img",
            "type": "polygonlabels",
            "value": {
              "points": [
                [
                  51.73333333333334,
                  28.330206378986865
                ],
                [
                  51.86666666666667,
                  31.519699812382736
                ],
                [
                  51.73333333333334,
                  33.95872420262664
                ],
                [
                  51.73333333333334,
                  36.02251407129456
                ],
                [
                  53.46666666666667,
                  36.39774859287054
                ],
                [
                  54.79999999999999,
                  35.27204502814259
                ],
                [
                  54.4,
                  32.4577861163227
                ],
                [
                  54.26666666666666,
                  30.018761726078804
                ],
                [
                  54.13333333333333,
                  28.142589118198874
                ]
              ],
              "polygonlabels": [
                "Manusia"
              ]
            }
          }
        ]
      }
    ],
    "data": {
      "image": "http://data.heartex.net/open-images/train_0/mini/0187f13f0c36a7fa.jpg"
    },
    "id": 1
  },
  {
    "completions": [
      {
        "id": 2001,
        "lead_time": 26.3,
        "result": [
          {
            "from_name": "tag",
            "id": "XifNGcRyjr",
            "original_height": 511,
            "original_width": 768,
            "source": "$image",
            "to_name": "img",
            "type": "polygonlabels",
            "value": {
              "points": [
                [
                  23.733333333333334,
                  55.31062124248498
                ],
                [
                  27.333333333333332,
                  55.91182364729458
                ],
                [
                  28.8,
                  52.30460921843687
                ],
                [
                  29.333333333333332,
                  47.494989979959925
                ],
                [
                  28.8,
                  42.68537074148296
                ],
                [
                  29.86666666666667,
                  40.480961923847694
                ],
                [
                  28.933333333333334,
                  35.87174348697395
                ],
                [
                  26.933333333333337,
                  38.276553106212425
                ],
                [
                  26.133333333333336,
                  39.879759519038075
                ],
                [
                  23.333333333333332,
                  44.08817635270542
                ],
                [
                  21.46666666666667,
                  47.69539078156313
                ],
                [
                  17.866666666666667,
                  49.09819639278557
                ],
                [
                  16.666666666666668,
                  47.0941883767535
                ],
                [
                  16.533333333333335,
                  43.08617234468939
                ],
                [
                  18.133333333333336,
                  41.28256513026052
                ],
                [
                  20.133333333333333,
                  39.879759519038075
                ],
                [
                  22.400000000000002,
                  33.86773547094189
                ],
                [
                  24.8,
                  30.66132264529058
                ],
                [
                  26.266666666666666,
                  27.454909819639276
                ],
                [
                  28.8,
                  23.647294589178358
                ],
                [
                  31.466666666666665,
                  21.24248496993988
                ],
                [
                  31.466666666666665,
                  20.04008016032064
                ],
                [
                  31.333333333333332,
                  15.030060120240483
                ],
                [
                  35.06666666666667,
                  10.220440881763528
                ],
                [
                  38.266666666666666,
                  10.821643286573147
                ],
                [
                  38.8,
                  13.827655310621244
                ],
                [
                  39.86666666666667,
                  20.440881763527056
                ],
                [
                  43.06666666666667,
                  20.04008016032064
                ],
                [
                  46.133333333333326,
                  21.442885771543086
                ],
                [
                  50,
                  21.643286573146295
                ],
                [
                  53.20000000000001,
                  19.839679358717436
                ],
                [
                  56.53333333333333,
                  17.034068136272545
                ],
                [
                  58.4,
                  15.6312625250501
                ],
                [
                  59.199999999999996,
                  17.43486973947896
                ],
                [
                  58.4,
                  21.24248496993988
                ],
                [
                  55.46666666666667,
                  22.84569138276553
                ],
                [
                  53.46666666666667,
                  25.65130260521042
                ],
                [
                  49.73333333333333,
                  28.0561122244489
                ],
                [
                  43.86666666666667,
                  31.062124248496996
                ],
                [
                  42.13333333333333,
                  34.4689378757515
                ],
                [
                  43.199999999999996,
                  39.879759519038075
                ],
                [
                  43.46666666666667,
                  46.492985971943895
                ],
                [
                  43.73333333333334,
                  52.50501002004008
                ],
                [
                  44.26666666666667,
                  59.519038076152306
                ],
                [
                  44.26666666666667,
                  65.33066132264528
                ],
                [
                  43.06666666666667,
                  70.54108216432867
                ],
                [
                  42.4,
                  73.74749498997996
                ],
                [
                  41.733333333333334,
                  78.15631262525051
                ],
                [
                  41.46666666666667,
                  80.36072144288578
                ],
                [
                  38.93333333333333,
                  81.96392785571142
                ],
                [
                  36.800000000000004,
                  82.16432865731464
                ],
                [
                  33.6,
                  82.56513026052104
                ],
                [
                  33.06666666666667,
                  78.15631262525051
                ],
                [
                  34.266666666666666,
                  73.54709418837676
                ],
                [
                  34.666666666666664,
                  69.13827655310622
                ],
                [
                  34.93333333333334,
                  65.13026052104209
                ],
                [
                  34.13333333333333,
                  59.71943887775552
                ],
                [
                  32,
                  61.92384769539079
                ],
                [
                  30.266666666666666,
                  63.52705410821643
                ],
                [
                  26.8,
                  64.32865731462927
                ],
                [
                  22.666666666666668,
                  65.13026052104209
                ],
                [
                  21.2,
                  66.33266533066134
                ],
                [
                  16.266666666666666,
                  67.93587174348698
                ],
                [
                  14.266666666666666,
                  67.53507014028055
                ],
                [
                  14,
                  61.92384769539079
                ],
                [
                  15.200000000000001,
                  58.517034068136276
                ],
                [
                  18.133333333333336,
                  55.31062124248498
                ],
                [
                  21.2,
                  53.90781563126252
                ]
              ],
              "polygonlabels": [
                "Manusia"
              ]
            }
          }
        ]
      }
    ],
    "data": {
      "image": "http://data.heartex.net/open-images/train_6/mini/699778bbff222b98.jpg"
    },
    "id": 2
  },
  {
    "completions": [
      {
        "id": 3001,
        "lead_time": 24.152,
        "result": [
          {
            "from_name": "tag",
            "id": "C-h80c66Rg",
            "original_height": 711,
            "original_width": 768,
            "source": "$image",
            "to_name": "img",
            "type": "polygonlabels",
            "value": {
              "points": [
                [
                  14.799999999999999,
                  97.98270893371759
                ],
                [
                  14.266666666666666,
                  91.93083573487031
                ],
                [
                  15.333333333333334,
                  85.30259365994236
                ],
                [
                  16.400000000000002,
                  75.36023054755043
                ],
                [
                  12.799999999999999,
                  70.7492795389049
                ],
                [
                  10.133333333333333,
                  62.103746397694515
                ],
                [
                  8,
                  56.48414985590778
                ],
                [
                  6.133333333333333,
                  47.8386167146974
                ],
                [
                  8.666666666666666,
                  43.0835734870317
                ],
                [
                  14.666666666666666,
                  39.3371757925072
                ],
                [
                  26.133333333333336,
                  35.15850144092219
                ],
                [
                  31.466666666666665,
                  33.28530259365994
                ],
                [
                  36.66666666666667,
                  31.844380403458214
                ],
                [
                  35.46666666666667,
                  28.67435158501441
                ],
                [
                  35.46666666666667,
                  13.112391930835736
                ],
                [
                  37.99999999999999,
                  8.357348703170029
                ],
                [
                  42.666666666666664,
                  6.195965417867435
                ],
                [
                  48.53333333333333,
                  5.187319884726225
                ],
                [
                  53.06666666666667,
                  5.619596541786744
                ],
                [
                  59.46666666666667,
                  8.789625360230547
                ],
                [
                  62.93333333333333,
                  14.553314121037465
                ],
                [
                  63.199999999999996,
                  20.605187319884724
                ],
                [
                  60.93333333333334,
                  25.216138328530263
                ],
                [
                  59.73333333333334,
                  28.67435158501441
                ],
                [
                  62.13333333333333,
                  29.10662824207493
                ],
                [
                  61.46666666666667,
                  25.36023054755043
                ],
                [
                  63.599999999999994,
                  25.072046109510087
                ],
                [
                  66.26666666666667,
                  25.79250720461095
                ],
                [
                  67.46666666666667,
                  22.766570605187322
                ],
                [
                  68,
                  21.61383285302594
                ],
                [
                  69.33333333333333,
                  21.32564841498559
                ],
                [
                  74.13333333333334,
                  21.037463976945244
                ],
                [
                  76.66666666666666,
                  21.037463976945244
                ],
                [
                  78.39999999999999,
                  24.63976945244957
                ],
                [
                  76.39999999999999,
                  27.809798270893374
                ],
                [
                  75.86666666666666,
                  30.835734870317005
                ],
                [
                  73.33333333333334,
                  35.30259365994236
                ],
                [
                  71.86666666666667,
                  40.9221902017291
                ],
                [
                  66.93333333333334,
                  43.94812680115274
                ],
                [
                  63.599999999999994,
                  46.10951008645533
                ],
                [
                  60.400000000000006,
                  51.5850144092219
                ],
                [
                  57.73333333333333,
                  57.492795389048986
                ],
                [
                  54.79999999999999,
                  64.84149855907782
                ],
                [
                  52.93333333333334,
                  76.657060518732
                ],
                [
                  52.800000000000004,
                  84.87031700288183
                ],
                [
                  53.333333333333336,
                  88.04034582132564
                ],
                [
                  53.73333333333334,
                  96.8299711815562
                ],
                [
                  49.73333333333333,
                  98.84726224783861
                ],
                [
                  43.06666666666667,
                  98.41498559077812
                ],
                [
                  32.93333333333333,
                  98.84726224783861
                ],
                [
                  23.066666666666663,
                  98.84726224783861
                ]
              ],
              "polygonlabels": [
                "Manusia"
              ]
            }
          }
        ]
      }
    ],
    "data": {
      "image": "http://data.heartex.net/open-images/train_0/mini/00aebae196dc440b.jpg"
    },
    "id": 3
  },
  {
    "completions": [
      {
        "id": 4001,
        "lead_time": 41.928,
        "result": [
          {
            "from_name": "tag",
            "id": "Ps5sUulAPI",
            "original_height": 768,
            "original_width": 576,
            "source": "$image",
            "to_name": "img",
            "type": "polygonlabels",
            "value": {
              "points": [
                [
                  57.11805555555556,
                  98.30729166666667
                ],
                [
                  53.47222222222222,
                  92.1875
                ],
                [
                  53.298611111111114,
                  85.9375
                ],
                [
                  60.416666666666664,
                  78.515625
                ],
                [
                  61.80555555555556,
                  74.21875
                ],
                [
                  62.673611111111114,
                  67.83854166666667
                ],
                [
                  62.84722222222222,
                  65.49479166666667
                ],
                [
                  57.8125,
                  66.27604166666667
                ],
                [
                  51.90972222222222,
                  66.92708333333333
                ],
                [
                  47.22222222222222,
                  66.53645833333333
                ],
                [
                  46.875,
                  63.28125
                ],
                [
                  49.13194444444444,
                  61.067708333333336
                ],
                [
                  54.861111111111114,
                  59.635416666666664
                ],
                [
                  60.9375,
                  58.984375
                ],
                [
                  66.31944444444444,
                  57.682291666666664
                ],
                [
                  70.65972222222223,
                  55.46875
                ],
                [
                  67.53472222222223,
                  51.953125
                ],
                [
                  66.66666666666667,
                  48.177083333333336
                ],
                [
                  64.58333333333333,
                  45.703125
                ],
                [
                  65.45138888888889,
                  41.276041666666664
                ],
                [
                  68.92361111111111,
                  37.760416666666664
                ],
                [
                  73.09027777777777,
                  36.979166666666664
                ],
                [
                  78.47222222222223,
                  36.848958333333336
                ],
                [
                  83.33333333333333,
                  38.28125
                ],
                [
                  87.5,
                  41.796875
                ],
                [
                  89.23611111111111,
                  46.09375
                ],
                [
                  88.36805555555556,
                  51.432291666666664
                ],
                [
                  84.72222222222223,
                  53.125
                ],
                [
                  88.36805555555556,
                  58.072916666666664
                ],
                [
                  90.10416666666667,
                  62.369791666666664
                ],
                [
                  88.88888888888889,
                  68.359375
                ],
                [
                  87.84722222222223,
                  71.74479166666667
                ],
                [
                  86.63194444444444,
                  76.5625
                ],
                [
                  85.9375,
                  81.25
                ],
                [
                  85.41666666666667,
                  84.11458333333333
                ],
                [
                  84.02777777777777,
                  87.63020833333333
                ],
                [
                  82.8125,
                  91.40625
                ],
                [
                  82.63888888888889,
                  95.703125
                ],
                [
                  81.77083333333333,
                  98.30729166666667
                ],
                [
                  77.95138888888889,
                  99.21875
                ],
                [
                  75,
                  99.34895833333333
                ],
                [
                  65.97222222222223,
                  98.69791666666667
                ],
                [
                  60.416666666666664,
                  97.91666666666667
                ]
              ],
              "polygonlabels": [
                "Manusia"
              ]
            }
          },
          {
            "from_name": "tag",
            "id": "YTF-_oMImF",
            "original_height": 768,
            "original_width": 576,
            "source": "$image",
            "to_name": "img",
            "type": "polygonlabels",
            "value": {
              "points": [
                [
                  15.104166666666666,
                  82.16145833333333
                ],
                [
                  14.930555555555555,
                  80.33854166666667
                ],
                [
                  10.069444444444445,
                  78.90625
                ],
                [
                  6.770833333333333,
                  77.60416666666667
                ],
                [
                  4.6875,
                  75
                ],
                [
                  3.298611111111111,
                  71.484375
                ],
                [
                  3.8194444444444446,
                  68.09895833333333
                ],
                [
                  4.6875,
                  64.84375
                ],
                [
                  8.159722222222221,
                  61.979166666666664
                ],
                [
                  12.67361111111111,
                  63.411458333333336
                ],
                [
                  11.458333333333334,
                  60.026041666666664
                ],
                [
                  13.368055555555555,
                  58.59375
                ],
                [
                  16.319444444444443,
                  57.8125
                ],
                [
                  18.92361111111111,
                  58.333333333333336
                ],
                [
                  25.520833333333332,
                  58.854166666666664
                ],
                [
                  27.083333333333332,
                  60.286458333333336
                ],
                [
                  28.47222222222222,
                  60.677083333333336
                ],
                [
                  25.868055555555557,
                  63.932291666666664
                ],
                [
                  25.17361111111111,
                  65.625
                ],
                [
                  27.430555555555557,
                  65.88541666666667
                ],
                [
                  28.125,
                  65.88541666666667
                ],
                [
                  26.90972222222222,
                  68.75
                ],
                [
                  25.520833333333332,
                  72.00520833333333
                ],
                [
                  25,
                  74.609375
                ],
                [
                  26.38888888888889,
                  75.26041666666667
                ],
                [
                  25.694444444444443,
                  77.99479166666667
                ],
                [
                  26.041666666666668,
                  79.6875
                ],
                [
                  22.22222222222222,
                  80.859375
                ],
                [
                  20.48611111111111,
                  80.33854166666667
                ],
                [
                  19.618055555555557,
                  79.03645833333333
                ],
                [
                  20.3125,
                  76.43229166666667
                ],
                [
                  18.92361111111111,
                  76.30208333333333
                ],
                [
                  18.92361111111111,
                  79.94791666666667
                ],
                [
                  19.444444444444443,
                  81.51041666666667
                ],
                [
                  20.3125,
                  83.07291666666667
                ],
                [
                  17.36111111111111,
                  83.85416666666667
                ],
                [
                  16.145833333333332,
                  83.46354166666667
                ]
              ],
              "polygonlabels": [
                "Tumbuhan"
              ]
            }
          }
        ]
      }
    ],
    "data": {
      "image": "http://data.heartex.net/open-images/train_f/mini/f43cffbb4cda667a.jpg"
    },
    "id": 4
  }
]